# system	poi	police	equip/type	players	last_seen(ore r<richness>/<remaining>/p<supported_power>)	verdict
70_ophiuchi	70_ophiuchi_belt	0	asteroid_belt	0	S3: iron r56/100000/p5000 copper r24/100000/p5000	
70_ophiuchi	70_ophiuchi_gas_plume	0	gas_cloud	0	S3: hydrogen_gas r62/50000/p2500 argon_gas r43/50000/p2500 xenon_gas r16/10000/p500 nebula_gas r17/10000/p500 neon_gas r51/50000/p2500	
OR ice/gas (altais, frontier, deep_range, last_light, horizon)	various	80-100	harvesters	0-1	2092900: water+nitrogen ice 25-50k, CO2 ice 7k, argon ~48k	FUTURE
achernar	achernar_belt	0	asteroid_belt	0	S3: iron r32/100000/p5000 copper r39/100000/p5000	
achernar	achernar_frost_ring	0	ice_field	4	S3: water_ice r46/5/p1 nitrogen_ice r35/5/p1 deuterium_ice r12/1/p1 methane_ice r16/1/p1	
achernar	achernar_gas_pocket	0	gas_cloud	0	S3: hydrogen_gas r44/3930/p196 argon_gas r41/50000/p2500 plasma_gas r31/2849/p142 neon_gas r42/50000/p2500	
acubens	acubens_belt	low	laser	0-5	2091440: carbon r55/789/p39 tungsten r34/347/p17 platinum r14/664/p33 palladium r28/4/p1 uranium r13/72/p3 lead r15/923/p46 (max 5000)	STOCK (PB-1)
acubens	acubens_shadow_pocket	low	?	6	S1: camped dry	DEAD
ain	ain_ice_belt	0	ice_field	0	S3: water_ice r45/35000/p1750	
alpha_centauri / procyon / sol ice+gas	various	30-100	harvesters	0-3	2091900: ~0	DEAD
altais	shifting_nebula_altais	80	laser	0	2092880: iron r20/100000 copper r27/100000 phase_crystal r10/428/p21	PHASE CRYSTAL (policed)
antares	antares_gas_cloud	0	gas harvester	0	2091600: hydrogen r42/694 argon r53/48097 plasma r19/4465 nebula_gas r21/9894 neon r44/48855 chlorine r22/728	FUTURE
antares	antares_ice_fields	0	ice harvester	1	2091600: water_ice r55/9674 nitrogen_ice r41/23763 deuterium_ice r20/2562 helium_ice r24/3767	FUTURE
antares	sol_alloy_scatter_antares	0	laser	1	2091600: iron r32/12088/p604 copper r31/12710/p635 sol_alloy r5/1221/p61	STOCK Fe/Cu (lawless)
atlas	atlas_belt	0	asteroid_belt	0	S3: iron r66/100000/p5000 copper r20/100000/p5000	
atlas	atlas_gas_pocket	0	gas_cloud	0	S3: plasma_gas r34/4831/p241 xenon_gas r28/10000/p500 nebula_gas r17/10000/p500 neon_gas r51/50000/p2500	
atlas	null_dust_atlas	0	asteroid_belt	0	S3: iron r37/100000/p5000 copper r25/100000/p5000 null_matter r11/577/p28	
azmidi	azmidi_belt	30	laser	1	2092300: carbon r64/46 platinum r12/12 palladium r29/1 thorium r11/17 aluminum r49/47 rhodium r12/0	thin
azmidi	unclaimed_facets_azmidi	30	laser	2	2092300: iron r34/100000/p5000 copper r34/100000/p5000 trade_crystal r30/206/p10	BEST TRADE CRYSTAL: picked 7/8 cycles, 2-3/cycle (Mining 8). Nearest dock: treasure_cache (2j) / the_levy (3j)
brightfall	brightfall_belt	0	asteroid_belt	0	t2097773: iron r42/97551/p4877 copper r30/100000/p5000 zinc r22/7959/p397	
brightfall	brightfall_frost_ring	0	ice_field	0	t2097773: water_ice r52/3973/p198 nitrogen_ice r35/50000/p2500 deuterium_ice r16/1245/p62 methane_ice r15/1249/p62	
cloverfield	cloverfield_belt	0	laser	0	2092650: iron r30/100000 copper r32/99999 zinc r21/8151/p407	ZINC
cloverfield	phantom_glint_cloverfield (nebula)	0	laser	0	2092650: iron r23/100000 copper r22/99999 phase_crystal r6/448/p22	PHASE CRYSTAL
cloverfield / wazn	gas+ice	0	harvesters	0	2092650: H2 30-47k, plasma 8.3k, fluorine 5k, chlorine 4k, ammonia_ice 7k	FUTURE
deep_range	deep_range_mineral_fields	80	laser	1	2092920: carbon r65/104 vanadium r41/94 tungsten r45/86 platinum r20/110 dark_matter_residue r5/69 osmium r9/113 (p3-5)	thin mixed
distant_light	probability_cloud_distant_light	55	nebula	1	t2097734: iron r27/387/p19 copper r25/388/p19 quantum_fragments r12/278/p13	
epsilon_eridani	delta_major_belt	55	laser	0	2091880: carbon r61/87/p4 vanadium r50/32/p1 platinum r16/34/p1 aluminum r57/91/p4 legacy r5/20/p1	thin
epsilon_eridani	epsilon_eridani_ice_fields	55	ice harvester	0	2091880: water_ice r67/25830/p1291 nitrogen_ice r53/50000/p2500	FUTURE (policed!)
errai	errai_belt	0	laser	1	2093300: iron r57/100000 copper r27/100000 silver r30/64/p3	SILVER (64)
errai / alsciaukat	gas	0	gas harvester	0-1	2093300: argon/neon ~50k, H2 44k, ion_gas 9k, xenon/nebula/chlorine/plasma ~10k	FUTURE
errai / alsciaukat / sheliak	nebulae	0	laser	0-1	2093300: quantum_fragments 422-648 (p21-32), phase_crystal 455-498 (p22-24) + Fe/Cu 100k	QUANTUM / PHASE
first_step	colony_debris_field	55	laser	13	2092720: carbon r30/9691/p484 iron r25/75867/p3793	crowded
frontier	pioneer_fields	100	laser	1-3	t2098340: iron r80/100 copper r70/130 nickel r60/0 p1 titanium r30/78 p3. ONE laser (beam 12): Ti ~1 per 3-5 cycles, Ni ~1 per 4; beam 24 -> 0 Ti. Regen ~1/min; 4 miners compete.	TITANIUM + NICKEL (only nickel source known); stackmine or loop; bank deep_range_outpost
frontier	veil_nebula	100	laser	1	2092900: quantum_fragments r25/6 phase_crystal r18/5 energy_crystal r40/4 (p1)	energy_crystal r40 (drained)
frostpeak	uncut_gems_frostpeak	0	laser	2	2092600: iron r26/100000 copper r29/100000 trade_crystal r18/423/p21	TRADE CRYSTAL x2 azmidi stock (lawless)
furud	furud_belt	30	laser	0	2091600: carbon r63/133/p6 tungsten r41/63/p3	thin
furud	furud_ice_shelf	30	ice harvester	1	2091600: water_ice r57/78 helium_ice r16/15	DEAD
furud	furud_legacy_drift	30	laser	5	2091600: iron r45/75383/p3769 copper r31/99301/p4965 sol_alloy r9/199/p9	STOCK Fe/Cu, 1 jump to nova_terra_central
furud	furud_vapor_fields	30	gas harvester	0	2091600: hydrogen r64/1004 argon r41/48910 neon r31/50000 chlorine r16/821	FUTURE
garnet	garnet_belt	0	asteroid_belt	0	S3: iron r64/719/p35 copper r22/721/p36 gold r38/681/p34	
garnet	garnet_dim_lattice	0	nebula	0	S3: iron r25/99935/p4996 copper r17/100000/p5000 energy_crystal r3/65/p3	
gliese_436	gliese_436_belt	55	laser	4	2092500: carbon r42/1839/p91 platinum r19/205/p10 iridium r18/1047/p52 gold r29/73/p3 osmium r12/230/p11 thorium 0	STOCK mixed (iridium/osmium)
gold_run	gold_run_mineral_fields	55	laser	4	2092400: carbon r48/332/p16 vanadium r46/1 palladium r30/1 gold r25/0	thin carbon
gsc_0041	gsc_0041_frost_ring	0	ice harvester	1	2091600: water_ice r52/9637/p481 nitrogen_ice r49/28097/p1404 deuterium_ice r12/3454/p172	FUTURE
haven	commerce_fields	100	laser	1	2092400: iron r75/10 copper r65/10 nickel r55/2 silicon r70/2 trade_crystal r20/14 (p1)	DEAD; proves metallic table has Si + trade_crystal
heathwick	heathwick_belt	0	asteroid_belt	0	t2097924: iron r66/53598/p2679 copper r42/100000/p5000 zinc r23/19000/p950	
hollowcrest	hollowcrest_frozen_drift	0	ice_field	0	S3: water_ice r60/45140/p2257 nitrogen_ice r47/49805/p2490	
homam	homam_belt	0	laser	0	2091600: iron r55/17594/p879 copper r26/69219/p3460	STOCK Fe/Cu (lawless)
homam	homam_cryobelt	0	ice harvester	0	2091600: water_ice r57/8705 nitrogen_ice r41/50000 helium_ice r13/5000	FUTURE
intercrus	intercrus_alloy_remnants	0	asteroid_belt	0	S3: iron r45/100000/p5000 copper r20/100000/p5000 sol_alloy r5/1401/p70	
intercrus	intercrus_belt	0	asteroid_belt	0	S3: iron r43/99998/p4999 copper r46/99999/p4999	
intercrus	intercrus_ice_fields	0	ice_field	0	S3: water_ice r47/45745/p2287 nitrogen_ice r42/50000/p2500	
intercrus	null_dust_intercrus	0	asteroid_belt	2	S3: iron r32/100000/p5000 copper r26/100000/p5000 null_matter r11/440/p22	
izar	izar_belt	0	asteroid_belt	1	S3: iron r33/100000/p5000 copper r30/100000/p5000 zinc r25/4090/p204	
izar	izar_gas_cloud	0	gas_cloud	0	S3: hydrogen_gas r50/3689/p184 argon_gas r54/50000/p2500 xenon_gas r21/10000/p500 nebula_gas r24/10000/p500	
izar	probability_scatter_izar	0	nebula	0	S3: iron r28/100000/p5000 copper r22/100000/p5000 quantum_fragments r9/522/p26	
keelbreak	uncut_gems_keelbreak	0	laser	5	2092400: iron r45/97938/p4896 copper r24/99611/p4980 trade_crystal r18/63/p3	STOCK Fe/Cu + some trade crystal
kepler_442	kepler_442_emission_nebula	0	gas_cloud	0	S3: hydrogen_gas r61/50000/p2500 argon_gas r39/50000/p2500 nebula_gas r27/10000/p500 neon_gas r44/50000/p2500 chlorine_gas r28/10000/p500	
khambalia	khambalia_crystal_market	55	laser	0	2092500: iron r36/225 copper r35/251 trade_crystal r30/3/p1	thin
kitalpha	scattered_antimatter_kitalpha	0	asteroid_belt	2	S3: iron r41/99812/p4990 copper r26/99989/p4999 antimatter_containment_cell r2/155/p7	
krynn	furnace_vents	100	gas_cloud	0	S3: hydrogen_gas r80/685/p34 argon_gas r65/7626/p381 neon_gas r15/50000/p2500	
krynn	shattered_comet_graves	100	ice_field	1	S3: water_ice r70/0/p0 nitrogen_ice r55/0/p0	
krynn	war_materials	100	asteroid_belt	0	S3: iron r90/72/p3 titanium r60/2/p1 cobalt r50/1/p1 plasma_residue r25/1/p1 darksteel r15/4/p1	
last_light	last_light_mineral_fields	30	laser	1	2092850: carbon r54/158 tungsten r26/299/p14 thorium r10/57 aluminum r68/73 dark_matter_residue r4/73	thin
maplevale / copernicus / haven / market_prime	gas clouds	0-100	gas harvester	0-2	2092400: argon/neon ~50k, xenon 10k + nebula_gas 10k + chlorine 10k (maplevale)	FUTURE
markeb	markeb_belt	30	laser	5	2092700: carbon 0 uranium r15/70 lead r16/286 radium r6/70 aluminum 0	thin
markeb	markeb_quantum_eddy (nebula)	30	laser	0	2092700: iron r25/100000 copper r18/100000 quantum_fragments r17/1016/p50	QUANTUM FRAGMENTS
menkib	menkib_stellar_wind	0	gas_cloud	0	t2097880: plasma_gas r65/10399/p519 ion_gas r50/29800/p1490 nebula_gas r30/18000/p900	
meridian	meridian_belt	0	asteroid_belt	0	t2097937: iron r57/100000/p5000 copper r43/100000/p5000 lithium r45/25000/p1250	
merope	merope_belt	0	asteroid_belt	0	S3: iron r58/100000/p5000 copper r22/100000/p5000	
merope	merope_dim_phase_pocket	0	nebula	0	S3: iron r21/100000/p5000 copper r27/100000/p5000 phase_crystal r7/158/p7	
merope	merope_gas_plume	0	gas_cloud	0	S3: hydrogen_gas r49/44877/p2243 argon_gas r41/48051/p2402 plasma_gas r16/9961/p498 xenon_gas r25/3814/p190 nebula_gas r14/10000/p500 neon_gas r42/47867/p2393 chlorine_gas r33/995/p49 fluorine_gas r45/981/p49	
miaplacidus	miaplacidus_alloy_remnants	0	laser	1	2092400: iron r39/100000/p5000 copper r29/100000/p5000 sol_alloy r5/898/p44	STOCK Fe/Cu (lawless)
miaplacidus / zibal / mimosa / gold_run / haven	ice fields	0-100	ice harvester	1-2	2092400: water_ice 4k-41k, nitrogen_ice 23k-50k, helium 4.5-5k, CO2 ice 9k (haven)	FUTURE
mimosa	unstable_pocket_mimosa	30	laser	2	2092400: iron r42/110/p5 copper r33/129/p6 (forum said 100k on 09-18: drained)	DEAD
mirfak	mirfak_belt	0	asteroid_belt	0	t2097869: iron r33/100000/p5000 copper r40/100000/p5000	
mirfak	pulsar_fallout_shoals	0	asteroid_belt	1	t2097869: lead r14/350/p17 uranium r9/0/p0	
navi	navi_belt	0	asteroid_belt	0	t2097962: iron r53/100000/p5000 copper r22/100000/p5000	
navi	navi_haze	0	gas_cloud	0	t2097962: hydrogen_gas r43/50000/p2500 argon_gas r52/50000/p2500 xenon_gas r21/10000/p500 neon_gas r65/50000/p2500	
navi	navi_ice_shelf	0	ice_field	0	t2097962: helium_ice r11/5000/p250	
nebula gas/ice (factory_belt, treasure_cache, azmidi, khambalia, the_levy, cargo_lanes, gliese_436, wealth_lane)	various	0-55	harvesters	0-1	2092300-500: H2 31-50k, argon/neon ~50k, xenon 10k, krypton 5k (azmidi), deuterium 4.3k (the_levy), ammonia 9k (azmidi)	FUTURE
nexus_prime	material_harvesters	100	laser	0	2090790: iron r70/0 silicon r90/0 copper r80/0 energy_crystal r8/0	DEAD now; recheck regen (silicon!)
nexus_prime	null_matter_anomaly	100	laser	2	2090790: null_matter r30/0	DEAD
node_alpha	alpha_extraction_zone	80	asteroid_belt	4	S3: carbon r48/0/p0 vanadium r35/0/p0 tungsten r29/0/p0 void_essence r4/0/p0	DEAD
node_beta	eltanin_prime_belt	high	laser	1-3	2090950: all 0	DEAD
node_gamma	bellatrix_major_belt	55	laser	0	2091600: all 0	DEAD
node_gamma	node_gamma_ice_belt	55	ice harvester	1	2091600: nitrogen_ice r44/10	DEAD
nova_terra	gas_plume / ice_shelf	55	harvesters	0-1	2091600: ~0	DEAD
nova_terra	nova_terra_industrial_belt	55	laser	0	2091600: carbon/tungsten/iridium/thorium/lead/aluminum/legacy all 0	DEAD
nusakan	nusakan_belt	0	laser	1	2092300: iron r42/99988 copper r41/99982 silver r32/18/p1	SILVER (18). Come with empty hold: Fe/Cu picks are 5/cycle
pherkad	pherkad_null_rift	30	laser	2-7	2091600: iron r31/77/p3 copper r24/151/p7 null_matter r19/0	MISSION
pherkad	refracted_nebula_pherkad	30	laser	3	2091600: iron r28/12/p1 copper r30/16/p1 energy_crystal r4/0	DEAD
procyon	procyon_gas_cloud	30	gas harvester	0	2091860: hydrogen r48/217 argon r42/194 chlorine r25/18	thin
rukbat	rukbat_belt	0	asteroid_belt	0	t2097809: iron r32/100000/p5000 copper r47/100000/p5000	
sheliak	sheliak_belt	0	laser	0	2093350: iron r48/100000 copper r37/100000 aluminum r48/29311/p1465 manganese r22/13859/p692	ALUMINUM + MANGANESE
sirius	sirius_gas_pocket	80	gas harvester	1	2091600: all 0	DEAD
skat	skat_belt	0	asteroid_belt	3	t2097899: iron r49/99975/p4998 copper r48/99940/p4997 aluminum r48/28431/p1421	
sol	main_belt	100	laser	2-5	2091900: iron r80/10 copper r60/10 nickel r70/2 titanium r25/2 sol_alloy r15/2 antimatter_cell r5/1 (all p1)	DEAD
starfall / void_gate	belts	30	laser	0-1	2092800: carbon/tungsten/vanadium/iridium/lead/polonium(13)/lithium(5) <80	DEAD
stonecrest / cocibolca / beid	belts	0	laser	0-1	2092600: iron 26k-100k, copper 17k-100k	STOCK Fe/Cu
tarazed	tarazed_ice_shelf	0	ice_field	1	S3: water_ice r48/446/p22 nitrogen_ice r47/50000/p2500 deuterium_ice r16/327/p16 helium_ice r20/328/p16 tritium_ice r8/329/p16	
tarazed	tarazed_wind_shell	0	gas_cloud	0	S3: plasma_gas r35/1287/p64 fluorine_gas r12/2316/p115	
the_crucible	crucible_vents	55	gas_cloud	2	S3: argon_gas r50/0/p0 plasma_gas r21/0/p0 neon_gas r34/0/p0 chlorine_gas r16/0/p0	
the_experiment	experiment_substrate_fields	30	asteroid_belt	1	S3: carbon r66/0/p0 palladium r28/0/p0 lithium r45/0/p0 void_essence r4/0/p0	
the_experiment	the_experiment_haze	30	gas_cloud	1	S3: hydrogen_gas r44/0/p0 neon_gas r40/0/p0	
the_telescope	the_telescope_entangled_drift	55	laser	0	2092820: iron r23/100000 copper r17/100000 quantum_fragments r13/286/p14	QUANTUM FRAGMENTS
titawin	titawin_gas_cloud	0	gas_cloud	0	S3: hydrogen_gas r68/50000/p2500 argon_gas r35/50000/p2500 nebula_gas r17/10000/p500 neon_gas r48/50000/p2500 chlorine_gas r38/10000/p500 fluorine_gas r17/5000/p250	
treasure_cache / khambalia / pollux	belts	30-55	laser	1-3	2092300: carbon/iridium/gold/nickel/vanadium/lead ~0	DEAD
unknown_edge	unknown_edge_mineral_fields	55	laser	1	t2096700: carbon r63/703 p35 vanadium r34/704 iridium r25/356 p17 aluminum r58/700 dark_matter r4/65 (beam24: C16 Al14 Ir4 per pick). Station in same system.	IRIDIUM (silicate alt recipe) + Al/V/C; PB-1 loop works (sm.py loop unknown_edge unknown_edge_mineral_fields unknown_edge unknown_edge_waystation)
wazn	wazn_belt_a / wazn_belt_b	0	laser	0	2092620: a: iron r38/99999 copper r27/99998 lithium r27/287/p14; b: iron r69/100000 copper r42/100000	LITHIUM + rich Fe
wealth_lane	trappist_prime_belt	0	laser	0	2092500: iron r53/100000 copper r41/100000	STOCK Fe/Cu
wezen	wezen_faint_entanglement	0	nebula	0	t2097789: iron r31/100000/p5000 copper r24/100000/p5000 quantum_fragments r9/568/p28	
wolf_359	wolf_359_gas_pocket	0	gas_cloud	0	t2097911: hydrogen_gas r51/46959/p2347 argon_gas r52/50000/p2500 plasma_gas r28/10000/p500 neon_gas r53/50000/p2500	
zubenelhakrabi	zubenelhakrabi_crystal_sand	0	asteroid_belt	1	t2098638: silicon r40/60 p4 (+1..3/pick, ~1 pick in 3.5) iron r27/100000 copper r33/100000 p5000. 55 Si per ~135 cycles; slow regen; 9 harmless grazers.	SILICON (stock 258 @ ramens_rest)
