# station	system	item	qty  (sm.py stock, t2100058; regenerate, don't hand-edit)
central_nexus	nexus_prime	carbon_ore	1983
central_nexus	nexus_prime	tungsten_ore	927
central_nexus	nexus_prime	platinum_ore	723
central_nexus	nexus_prime	lead_ore	638
central_nexus	nexus_prime	palladium_ore	291
central_nexus	nexus_prime	copper_ore	35
central_nexus	nexus_prime	iron_ore	28
central_nexus	nexus_prime	iridium_ore	14
central_nexus	nexus_prime	silicate_composite	12
central_nexus	nexus_prime	copper_wiring	11
central_nexus	nexus_prime	steel_plate	5
central_nexus	nexus_prime	silicon_ore	3
central_nexus	nexus_prime	dark_matter_residue	3
central_nexus	nexus_prime	circuit_board	1
central_nexus	nexus_prime	processing_core	1
deep_range_outpost	deep_range	nickel_ore	135
deep_range_outpost	deep_range	titanium_ore	134
deep_range_outpost	deep_range	steel_plate	67
deep_range_outpost	deep_range	copper_wiring	65
deep_range_outpost	deep_range	iron_ore	4
deep_range_outpost	deep_range	mining_laser_ii	1
grand_exchange_station	haven	copper_ore	15
grand_exchange_station	haven	iron_ore	10
node_beta_industrial_station	node_beta	carbon_ore	339
node_beta_industrial_station	node_beta	tungsten_ore	223
node_beta_industrial_station	node_beta	platinum_ore	38
node_beta_industrial_station	node_beta	palladium_ore	30
node_beta_industrial_station	node_beta	copper_ore	18
node_beta_industrial_station	node_beta	lead_ore	16
node_beta_industrial_station	node_beta	iron_ore	13
node_beta_industrial_station	node_beta	lead_ingot	4
node_beta_industrial_station	node_beta	steel_plate	3
node_beta_industrial_station	node_beta	platinum_wiring	1
node_beta_industrial_station	node_beta	null_matter	1
node_gamma_relay_station	node_gamma	carbon_ore	21
node_gamma_relay_station	node_gamma	tungsten_ore	20
node_gamma_relay_station	node_gamma	iron_ore	13
node_gamma_relay_station	node_gamma	copper_ore	11
node_gamma_relay_station	node_gamma	exotic_matter	10
node_gamma_relay_station	node_gamma	palladium_ore	4
node_gamma_relay_station	node_gamma	null_matter	1
ramens_rest	last_light	silicon_ore	183
ramens_rest	last_light	trade_crystal	17
ramens_rest	last_light	copper_wiring	16
ramens_rest	last_light	steel_plate	10
ramens_rest	last_light	ferrous_slug_case	10
ramens_rest	last_light	reinforced_glass	4
ramens_rest	last_light	standard_rounds_box	4
ramens_rest	last_light	iron_ore	3
ramens_rest	last_light	copper_ore	3
ramens_rest	last_light	titanium_alloy	1
ramens_rest	last_light	titanium_ore	1
ramens_rest	last_light	mining_laser_i	1
ramens_rest	last_light	em_disruptor_i	1
unknown_edge_waystation	unknown_edge	aluminum_ore	42
unknown_edge_waystation	unknown_edge	carbon_ore	41
unknown_edge_waystation	unknown_edge	vanadium_ore	16
