# id	empire	police(0=lawless)	stations(;)	links(,)
70_ophiuchi	none	0	none	algol,kepler_442,theemin,zubenelhakrabi
achernar	none	0	none	garnet,ruchbah,the_experiment,cedarhold
acubens	voidborn	low	none	node_gamma,node_beta,gsc_0027,hamal
adhara	none	0	none	pipirima,mebsuta,porrima
ain	none	0	none	tarazed,fang,rukbat,last_light
alathfar	none	0	none	merak,sheliak,titawin,hollowcrest,izar,sabik
albireo	none	0	none	the_rampart,dawnbreak,saclateni,fumalsamakah,kornephoros,gsc_0013
alfirk	none	0	none	revati,dubhe,peacock,gsc_0009
alpha_centauri	solarian	80	alpha_centauri_colonial_station	sol,tau_ceti
alphecca	none	0	none	ankaa,scheat,barnardstar
alsciaukat	none	0	none	sheliak,merope,merak,errai
altais	outerrim	80	none	distant_light,horizon,frontier,unknown_edge,the_telescope
ankaa	none	0	none	alphecca,propus,coalridge,barnardstar
antares	none	0	none	gsc_0041,gsc_0033,lhs_1140,homam
atlas	none	0	none	cedarhold,gsc_0044,garnet,intercrus,hd_40307
azmidi	nebula	30	none	nusakan,alioth,khambalia,almach
bd20_2457	none	0	9e0b4dbad76ae607e5ca994d8dd7363e	gsc_0019,40_eridani,wasat,fumalsamakah,rigel
beid	none	0	none	markeb,ironpeak,driftwood,castor,cocibolca
blood_forge	crimson	80	blood_forge_smelting_works	valor,krynn,stillwater,iron_reach,alzirr
canopus	none	0	none	ascella,spica,thabit,hr_8832
cargo_lanes	nebula	55	cargo_lanes_freight_depot	gold_run,market_prime,bunda,alrakis,alula
cloverfield	none	0	none	zosma,wazn,cocibolca,driftwood
cocibolca	none	0	none	castor,driftwood,beid,cloverfield,gsc_0023,zosma
copernicus	nebula	30	none	wealth_lane,bunda,gold_run,gsc_0030,keelbreak
deep_range	outerrim	80	deep_range_outpost	frontier,horizon
dheneb	none	0	98eba8b1a7ad0520d6a7c8ea44b2d6aa	mira,barnards_star,proxima_centauri,thabit,aspidiske
driftwood	none	0	none	cocibolca,beid,castor,ironpeak,cloverfield,zosma
dubhe	none	0	none	alfirk,maplevale
epsilon_eridani	solarian	55	none	procyon,nova_terra,nihal,markab,sirius,proxima_centauri
errai	none	0	none	wezen,brightfall,tarazed,fang,alsciaukat,gsc_0046
factory_belt	nebula	55	factory_belt_manufacturing_hub	traders_rest,khambalia,pollux,treasure_cache
fang	none	0	none	gsc_0046,last_light,ain,tidewater,errai
first_step	outerrim	55	first_step_memorial_station;mobile_capital	horizon,void_gate,markeb,the_telescope
frontier	outerrim	100	none	horizon,altais,deep_range
frostpeak	none	0	none	kurhah,maia,wazn,stonecrest
fumalsamakah	none	0	none	saclateni,dawnbreak,albireo,rigel,ross_614,bd20_2457,rasalgethi
furud	solarian	30	none	nova_terra,acrux,homam,nihal
garnet	none	0	none	achernar,ruchbah,cedarhold,atlas,hd_40307
gliese_436	nebula	55	none	ogma,caph,the_levy,khambalia,traders_rest
gold_run	nebula	55	gold_run_extraction_hub	cargo_lanes,market_prime,bunda,copernicus,wealth_lane
gsc_0041	none	0	none	shaula,ironhollow,antares,pherkad
gudja	none	0	none	rastaban,gsc_0017,hd_147513,pipirima
haven	nebula	100	grand_exchange	market_prime,traders_rest
hollowcrest	none	0	none	titawin,theemin,alathfar,merak
homam	none	0	none	gsc_0033,bluerift,furud,antares
horizon	outerrim	80	none	altais,first_step,frontier,the_telescope,deep_range,distant_light
intercrus	none	0	none	gsc_0044,diadem,botein,atlas,kitalpha
iron_reach	crimson	80	iron_reach_mining_colony	krynn,the_crucible,the_anvil,blood_forge
ironhearth	crimson	55	ironhearth_station	frostfeld,the_anvil,hd_20794,82_eridani,gsc_0036,muscida
izar	none	0	none	sabik,aldhibah,tidewater,alathfar
keelbreak	none	0	none	gsc_0030,zibal,xihe,copernicus
kepler_442	none	0	none	lacaille_8760,theemin,kitalpha,70_ophiuchi
khambalia	nebula	55	none	factory_belt,traders_rest,azmidi,pollux,gliese_436
kitalpha	none	0	none	lacaille_8760,kepler_442,nembus,intercrus
krynn	crimson	100	war_citadel	the_anvil,iron_reach,blood_forge,valor
last_light	outerrim	30	ramens_rest	fang,tidewater,gsc_0046,unknown_edge,ain
lhs_1140	none	0	0321b3e4406021575337b7be26e53dd7	hd_147513,deepwell,goldcrest,antares,rastaban
maplevale	none	0	none	miaplacidus,dubhe,ross_154
markeb	outerrim	30	none	beid,void_gate,first_step,ironpeak
market_prime	nebula	80	market_prime_exchange	cargo_lanes,gold_run,haven
mebsuta	none	0	none	alshain,phecda,porrima,algorab,westmark,adhara
merak	none	0	none	sheliak,titawin,alathfar,zubenelhakrabi,merope,alsciaukat,hollowcrest
merope	none	0	none	zubenelhakrabi,sheliak,merak,alsciaukat
miaplacidus	none	0	none	maplevale,cervantes,mimosa
mimosa	solarian	30	none	electra,miaplacidus,ross_154,tau_ceti
nashira	none	0	none	ivorygate,scheat,rasalgethi,rigel
nexus_prime	voidborn	100	the_core	node_alpha,node_beta
node_alpha	voidborn	80	node_alpha_processing_station	node_beta,nexus_prime,node_gamma,synchrony
node_beta	voidborn	high	node_beta_industrial_station	node_gamma,node_alpha,acubens,nexus_prime,schedar,gsc_0027
node_gamma	voidborn	55	node_gamma_relay_station	node_beta,node_alpha,acubens,synchrony
nova_terra	solarian	55	nova_terra_central	sirius,epsilon_eridani,furud,procyon,lacaille_9352
nusakan	none	0	none	azmidi,sadalmelik,pollux,naos
ogma	nebula	30	none	the_levy,gliese_436,traders_rest,caph
pherkad	voidborn	30	none	ironhollow,gsc_0041,shaula,synchrony,wolf_1061
pipirima	none	0	none	adhara,menkent,gudja
pollux	nebula	30	none	sadalmelik,factory_belt,nusakan,khambalia,treasure_cache
procyon	solarian	30	procyon_colonial_station	epsilon_eridani,proxima_centauri,markab,nihal,nova_terra
propus	none	0	none	spica,syrma,ankaa,coalridge
proxima_centauri	none	0	db90abb6fa02abe702f4668707871fb4	procyon,dheneb,barnards_star,epsilon_eridani
rasalgethi	none	0	none	rigel,nashira,ross_614,fumalsamakah
rastaban	none	0	none	gudja,hd_147513,gsc_0017,lhs_1140
revati	none	0	none	gsc_0009,alfirk,peacock,zibal,pinewatch
sabik	none	0	none	izar,tidewater,alathfar,gsc_0046,aldhibah
scheat	none	0	none	ivorygate,nashira,alphecca
sheliak	none	0	none	merak,alathfar,alsciaukat,titawin,merope,zubenelhakrabi
sirius	solarian	80	sirius_observatory_station	lacaille_9352,nova_terra,epsilon_eridani,sol
sol	solarian	100	sol_central	sirius,alpha_centauri
spica	none	0	none	canopus,propus,ascella,syrma
starfall	outerrim	30	starfall_salvage_station	kochab,sulafat,the_telescope,void_gate
stonecrest	none	0	none	frostpeak,maia,the_levy
synchrony	voidborn	55	synchrony_hub	the_experiment,node_alpha,pherkad,node_gamma
tarazed	none	0	none	ain,wezen,errai,rukbat,gsc_0015
tau_ceti	solarian	55	none	electra,alpha_centauri,timberline,mimosa
thabit	none	0	none	canopus,mira,deneb,ascella,dheneb
the_anvil	crimson	80	the_anvil_arsenal	hd_20794,ironhearth,krynn,frostfeld,iron_reach
the_crucible	crimson	55	the_crucible_garrison	bharani,valor,iron_reach,stillwater,the_rampart
the_experiment	voidborn	30	the_experiment_research_station	achernar,synchrony,ruchbah,ironhollow
the_levy	nebula	30	the_levy_customs_station	ogma,wealth_lane,gliese_436,stonecrest
the_rampart	crimson	30	the_rampart_checkpoint	albireo,saclateni,dawnbreak,gsc_0013,the_crucible
the_telescope	outerrim	55	none	distant_light,altais,first_step,starfall,horizon,unknown_edge
tidewater	none	0	none	sabik,gsc_0046,last_light,fang,izar
titawin	none	0	none	merak,zubenelhakrabi,hollowcrest,alathfar,sheliak
traders_rest	nebula	80	traders_rest_resort_station	factory_belt,khambalia,haven,gliese_436,ogma
treasure_cache	nebula	30	treasure_cache_trading_post	ross_128,pollux,ashford,factory_belt
unknown_edge	outerrim	55	unknown_edge_waystation	distant_light,altais,last_light,the_telescope
void_gate	outerrim	30	void_gate_outpost	markeb,haedus,first_step,sulafat,kochab,starfall
wasat	none	0	none	angetenar,40_eridani,westmark,bd20_2457
wazn	none	0	none	frostpeak,kurhah,maia,cloverfield
wealth_lane	none	0	player station 22c5a816... (access denied)	copernicus,the_levy,gold_run
westmark	none	0	none	alshain,wasat,angetenar,mebsuta,subra
zibal	none	0	none	gsc_0009,keelbreak,revati,kurhah
zubenelhakrabi	none	0	none	titawin,merope,merak,sheliak,70_ophiuchi
